{
    "meta": {
        "n": 52.52372,
        "w": 13.38928,
        "s": 52.5185,
        "e": 13.43047,
        "x": 18025187,
        "y": 11003778,
        "z": 17
    },
    "data": [
        [7, [911, 15, 936, 16, 930, 34, 910, 21, 911, 15]],
        [7, [1089, 4, 1106, 4, 1107, - 27, 1106, - 51, 1089, - 51, 1089, - 28, 1100, - 28, 1100, - 15, 1089, - 15, 1089, 4]],
        [7, [416, 537, 397, 545, 400, 572, 410, 572, 409, 555, 418, 551, 416, 537]],
        [7, [1349, 82, 1340, 85, 1334, 84, 1324, 77, 1334, 67, 1338, 67, 1342, 65, 1349, 82]],
        [7, [278, 650, 268, 568, 291, 565, 292, 578, 284, 580, 286, 598, 294, 597, 301, 649, 278, 650]],
        [7, [658, 473, 663, 463, 663, 450, 659, 440, 650, 434, 640, 433, 629, 434, 621, 440, 617, 448, 615, 459, 619, 470, 628, 479, 639, 482, 649, 479, 658, 473]],
        [7, [869, 647, 867, 644, 887, 630, 889, 633, 895, 630, 912, 658, 907, 663, 909, 666, 889, 678, 886, 675, 882, 678, 864, 650, 869, 647]],
        [7, [367, 129, 368, 125, 368, 122, 366, 117, 362, 114, 358, 114, 353, 114, 349, 117, 348, 120, 347, 123, 348, 128, 349, 131, 353, 134, 357, 136, 361, 134, 364, 133, 367, 129]],
        [7, [555, 332, 556, 326, 561, 321, 566, 318, 571, 318, 577, 321, 580, 324, 582, 332, 581, 338, 577, 342, 571, 345, 565, 345, 559, 342, 556, 338, 555, 332]],
        [7, [851, 390, 833, 368, 829, 365, 825, 362, 821, 361, 815, 358, 809, 356, 800, 356, 794, 358, 787, 353, 793, 339, 807, 345, 806, 347, 812, 349, 818, 350, 825, 352, 829, 355, 835, 358, 840, 362, 857, 385, 851, 390]],
        [7, [792, 451, 790, 448, 787, 444, 759, 465, 763, 470, 775, 485, 773, 486, 800, 519, 801, 517, 819, 537, 816, 540, 854, 586, 810, 615, 813, 620, 816, 623, 873, 583, 951, 529, 981, 508, 873, 373, 857, 385, 851, 390, 854, 394, 857, 398, 872, 385, 921, 445, 968, 505, 946, 520, 894, 557, 867, 575, 861, 578, 772, 468, 792, 451]],
        [7, [531, 754, 526, 718, 524, 699, 523, 692, 550, 689, 551, 696, 553, 713, 556, 739, 558, 751, 531, 754]],
        [7, [474, 489, 447, 511, 459, 526, 468, 519, 486, 503, 474, 489]],
        [7, [433, 523, 416, 537, 418, 551, 428, 551, 444, 537, 433, 523]],
        [7, [447, 511, 433, 523, 444, 537, 455, 529, 459, 526, 447, 511]],
        [7, [538, 503, 522, 483, 506, 496, 513, 506, 480, 534, 488, 543, 538, 503]],
        [7, [522, 483, 506, 463, 474, 489, 486, 503, 501, 491, 506, 496, 522, 483]],
        [7, [468, 519, 459, 526, 455, 529, 470, 546, 489, 545, 488, 543, 480, 534, 468, 519]],
        [7, [543, 577, 521, 548, 514, 554, 524, 566, 515, 568, 509, 558, 503, 563, 514, 577, 518, 581, 543, 577]],
        [7, [652, 669, 656, 666, 663, 663, 671, 686, 660, 690, 652, 669]],
        [7, [556, 739, 560, 738, 557, 718, 553, 689, 550, 689, 551, 696, 553, 713, 556, 739]],
        [7, [698, 754, 704, 754, 708, 753, 713, 788, 703, 788, 698, 754]],
        [7, [595, 712, 622, 709, 625, 712, 629, 712, 631, 709, 634, 709, 659, 693, 660, 690, 671, 686, 673, 689, 678, 705, 640, 730, 639, 733, 637, 735, 635, 735, 633, 733, 631, 731, 618, 733, 605, 735, 603, 721, 596, 722, 595, 712]],
        [7, [471, 653, 469, 626, 468, 620, 497, 615, 502, 670, 483, 672, 482, 663, 476, 663, 474, 652, 471, 653]],
        [7, [868, 125, 898, 134, 892, 154, 876, 149, 861, 191, 857, 200, 856, 205, 837, 206, 868, 125]],
        [7, [961, 188, 956, 195, 985, 192, 992, 185, 961, 188]],
        [561, [1881, 456, 1879, 453, 1879, 453, 1880, 451, 1880, 450, 1882, 448, 1884, 448, 1885, 448, 1886, 450, 1887, 451, 1887, 454, 1886, 454, 1885, 456, 1884, 456, 1884, 456, 1882, 456, 1881, 456]]
    ]
}